,score
waste money,256.0757215630772
year old,131.39471686675066
br br,130.1544805661285
poor quality,124.69973181140263
cheaply made,104.7831395433497
fell apart,65.17635741423715
would recommend,64.47593325755672
first time,63.29383278009652
looks like,61.65418844541187
put together,59.67662607820084
broke first,59.21709398618299
worth money,59.20967373226409
stopped working,56.687745843883135
first day,56.37781435360707
piece junk,53.20020758630009
poorly made,52.95312908045433
broke within,46.28351002626924
like picture,44.98417232206039
send back,44.54307038636214
look like,44.501046637118876
waste time,39.62613470031821
way small,37.25112073904884
came broken,37.210965932552114
thought would,36.65162543354337
save money,36.57718723531303
nothing like,36.24758731198398
never worked,36.13877745384104
cheap plastic,35.92399292618485
arrived broken,35.81876276777318
bad quality,33.94627228592806
one day,33.94315200745851
sent back,33.910942964097735
dollar store,33.6959633518557
birthday party,33.18117626257596
work well,32.89418943125811
disappointed product,31.56571852689334
within minutes,31.548578438658087
one star,31.010944857768322
much smaller,30.8320602766171
would buy,29.86102985058443
right away,29.648466041049794
get pay,28.507328655499812
first use,28.415843907356518
looked like,28.160375916727425
worth price,28.108931245114743
hold air,27.902493497735144
read reviews,27.820767742353578
total waste,27.726326684486622
even though,27.493797442912125
buy product,27.260724111821297
much better,26.973975596059454
never buy,26.590796077441674
good quality,26.19286433069628
10 minutes,25.432625369270802
first one,24.944048778881445
could get,24.79902921829139
terrible quality,24.61185454207292
falling apart,24.560746179267312
stay together,23.23954992479174
money back,23.032787724102967
low quality,22.846910767702006
yr old,22.770230478223347
second one,22.676606014442847
complete waste,22.671951223963504
quality product,22.565558636884433
opened box,22.423024569109085
get one,22.16630997786055
opened package,21.82761649405097
even get,21.732729793576027
one side,21.544391075942382
time money,21.486973806506164
buyer beware,21.148006474004656
every time,21.145947049268774
dont buy,21.080835166573657
zero stars,20.77068596201777
cheap looking,20.714451028928416
would never,20.33471384015038
picture shows,20.28305862033546
customer service,20.00281732897082
received one,19.956475282301138
would give,19.948038942707477
time used,19.842774230711626
bought two,19.732917032658165
extremely small,19.594416405726676
recommend product,19.549254024462382
smaller expected,19.069439663717095
threw away,18.983900066113158
disappointed quality,18.79983643792285
made cheap,18.636659657118678
terrible product,18.62191210844088
another one,18.521001212181996
wasted money,18.517503282679478
throw away,18.50237047982265
years old,18.339304272663178
new one,18.334626004027445
broke immediately,18.09241288041617
paint job,18.05075960671418
one time,18.008890495365016
would like,18.0000828346952
cheap quality,17.913537185925723
fall apart,17.866269012595005
sending back,17.86227902288469
could use,17.67673087845108
month old,17.655173953829767
could give,17.555438430820438
son disappointed,17.547994987254988
piece crap,17.546438323934403
missing pieces,17.539457077777882
brand new,17.52784186703643
extremely disappointed,17.481105354133497
falls apart,17.438884598415008
bought one,17.42182274328231
next day,17.39115846753303
false advertising,17.369298479352153
last long,17.336864074137118
able use,17.29240237513413
better quality,17.267628766077756
would stay,17.25543023286054
broke right,17.25232477021051
within first,17.2359993068968
huge disappointment,17.024865427934756
never got,16.933211625388665
stay inflated,16.88489092082768
right box,16.7704241666735
pretty much,16.645247183541212
within hour,16.572120751038703
well made,16.547708068715725
money buy,16.479000871089717
quality poor,16.33385988484714
made china,16.21218260394954
give zero,16.12882401296519
34 34,16.038305694043757
upon arrival,15.833694857269586
recommend anyone,15.813262629950573
wish could,15.801900227545335
something else,15.801306626829781
would great,15.791552403093739
even close,15.787023731915344
product work,15.776466025694138
even work,15.760611343085875
old son,15.697541593953089
make sure,15.598779999936957
missing parts,15.539921214055273
poor design,15.440390373786594
shown picture,15.347027858298418
stay away,15.117802683844438
description says,15.093131833222746
pieces missing,15.068816440709067
seems like,15.062839729738158
birthday gift,14.96859601096546
one two,14.953059759845267
one use,14.53526232291053
came apart,14.522911534262896
excited get,14.416536262975864
stars would,14.362282215207383
glow dark,14.346894605540843
would returned,14.341929139682259
get work,14.338564758713753
says 34,14.318579813589954
two days,14.315507254942673
item received,14.282749012705912
cheap material,14.244175656270837
within week,14.239138028166586
buy another,14.238597106693419
great idea,14.147033361049644
two weeks,14.139146999537887
broke one,14.130518916267103
second time,14.087806259812591
needless say,14.073340253626597
bought son,14.015609751328267
item arrived,13.878189244989496
first week,13.625596038597273
looks cheap,13.620221853235368
work disappointed,13.601315214697513
ordered two,13.575662058134847
several times,13.56278822712489
looks nothing,13.559668826517129
broke day,13.39259551013479
would work,13.379523253945854
got one,13.349293399591302
bad product,13.326352874577585
give stars,13.3049797795415
old daughter,13.280757038529043
work properly,13.242287783213094
worked great,13.225426274246013
melissa doug,13.192001154423513
thin plastic,13.155535662423063
wish would,13.116947692445965
buy one,13.09904879327052
way much,13.029044485387
parts missing,12.953505177509236
disappointed item,12.948198995021649
horrible product,12.93046652608091
one received,12.901962693472257
buy waste,12.89562043405482
would get,12.872994195485216
quit working,12.786386645814265
cheap cheap,12.608950616694122
work waste,12.598210407050079
going back,12.594708820600346
one got,12.555742615610022
next time,12.517631043446887
took forever,12.458955075521086
son birthday,12.37522952848413
recommend buying,12.373161392096364
piece garbage,12.364433987154765
definitely worth,12.356388754117683
back together,12.297802895043715
putting together,12.257677425953174
received product,12.197718002719178
meet expectations,12.151554661327165
product description,12.104989581384078
15 minutes,12.030381860355604
old grandson,11.974999385489905
super disappointed,11.787259185407049
birthday present,11.680715023951105
new batteries,11.658512897597449
feel like,11.652469398737622
second day,11.626430766273577
little girl,11.574802677535173
son loved,11.555371359696839
poorly designed,11.519306463375445
would purchase,11.511943629440474
remote control,11.46799233493524
small size,11.302938889840227
put back,11.127771528273154
broke days,11.10862059243485
water balloons,11.025912783291572
big enough,11.001279759466465
day use,10.925066193509572
returned item,10.909463514180695
guess get,10.848458203028212
way overpriced,10.830403726106725
battery compartment,10.814755701954937
would better,10.756934131044964
spend money,10.729863928679562
could even,10.727895662634278
one one,10.690912019848568
returned refund,10.685925915574327
got stuck,10.618280170155177
sounds like,10.606534712664057
price paid,10.60215429453108
made plastic,10.589003002014687
30 days,10.533182342005553
thought getting,10.529195638091528
star rating,10.476479570482296
arrived damaged,10.475319455238433
little one,10.465193560724284
almost immediately,10.442046101031556
break easily,10.432844879503003
long time,10.415327705645936
like real,10.409269587133103
hold water,10.405050101295314
someone else,10.32486379126102
one piece,10.318003867836342
still work,10.289050132916763
plastic bag,10.275169156193726
able get,10.254669253313333
little kids,10.24787451366642
come apart,10.214242411522195
one work,10.16407735368401
within hours,10.159956129063742
ordered one,10.15258358926049
two year,10.145173798596808
like one,10.110201923176245
choking hazard,10.066765034979394
make work,10.064536135686199
waist money,10.056639384199045
didnt work,10.035719929751284
one year,10.027800379582727
get money,10.004213865460992
want money,9.996678551353142
good idea,9.97856886511735
came hole,9.97345919500381
received gift,9.968547203418611
small pieces,9.947448971038947
20 minutes,9.942959373524348
feels like,9.92330056677134
horrible quality,9.915682277696362
ever seen,9.904075835867001
high quality,9.888048272082276
five minutes,9.86854280119816
piece plastic,9.854200053509572
br buy,9.824373378737757
small even,9.807914324819658
arrived time,9.799465900070714
balloons fill,9.789997513888283
within days,9.780645991600299
took box,9.76972652199132
even worth,9.726928149411705
apart first,9.667271209751162
rubber bands,9.661412646641082
apart easily,9.659382143621158
bought daughter,9.643907867871846
full refund,9.63312252413897
good product,9.61365734417018
money get,9.557655082266983
small price,9.55612177311008
dont waste,9.553447876594777
much money,9.550614510382971
disappointed purchase,9.542133867738361
apart within,9.511014475906642
cheap product,9.488797847748913
wast money,9.464679218695888
together well,9.309484833365326
like photo,9.27887867660774
pieces broken,9.276166210849796
way smaller,9.194805084639547
knock offs,9.189063332415984
old granddaughter,9.180911217569182
work even,9.179764032678815
work return,9.147740832460341
sons birthday,9.140767372451984
happy purchase,9.135433611666041
broken arrived,9.133585683826416
pieces fit,9.127568989838998
would hold,9.122790500305351
even fit,9.12191930244538
item came,9.109200025013202
description said,9.10477866526793
cheap knockoff,9.099448650930128
fisher price,9.09720893206209
super cute,9.09651749824409
young children,9.08289177516594
couple weeks,9.067999094167881
go back,9.035644397593032
years ago,9.03475611064466
24 hours,9.033767617680532
son loves,9.027783896607172
return item,9.009623883418623
trying get,9.008154914311765
one week,8.95396430598001
hard get,8.94303773588559
return policy,8.929176931861678
received two,8.912524176034118
one worked,8.892908232065228
almost impossible,8.879709192114097
product arrived,8.860211311495586
bought year,8.859565359776234
kids disappointed,8.817121298988246
purchased item,8.791515344026987
late return,8.76105666713759
quality control,8.750975531763675
cheap made,8.736835958837275
completely different,8.700936432624374
hard put,8.69271297901122
breaks easily,8.63767101847131
first hour,8.63681445907157
br would,8.62083139312697
work right,8.616747352040914
working properly,8.59953777535127
ever bought,8.592775355464703
daughter loves,8.579588152862224
bought gift,8.575927772794149
coming apart,8.571583865571622
cheap flimsy,8.565871564805706
missing one,8.56463848756611
instead got,8.56334689164433
product received,8.555408870344777
within day,8.551483117583897
smaller thought,8.55096772962492
looking forward,8.536248691827304
work returned,8.511189735514932
came damaged,8.503975000699024
would love,8.49415197570655
year olds,8.491164925380096
happy product,8.483079060497303
one bought,8.465154854881476
back refund,8.428493197167
filled water,8.42349730272442
product came,8.408079763802633
missing piece,8.400566078504957
broken received,8.380627501908483
months later,8.371387192446122
toy ever,8.342800745489436
paper thin,8.337962220742547
small children,8.331911604865866
kids loved,8.317790806913425
less week,8.314225901112415
several pieces,8.313831930371203
would return,8.284630796191657
get stuck,8.267776375151927
even use,8.257999645790619
even last,8.251713869083085
product ever,8.22101291573423
30 minutes,8.202751320781974
daughter disappointed,8.183580307824357
even stay,8.17802698467137
money bought,8.152751345996625
bought amazon,8.151290719926145
never order,8.151055780240679
something like,8.146172037118706
made well,8.14509387244083
half balloons,8.142871091168372
received item,8.077556483743978
might well,8.059042678147291
stay place,8.031520672229863
every single,7.997725310601343
give gift,7.995543579403973
broke second,7.990252637993427
one broke,7.987831665579165
good reviews,7.984085964963892
like something,7.983249397404455
used one,7.982446910963365
one month,7.952611259413025
puzzle pieces,7.941611446142201
way big,7.933541115676692
box came,7.9182870454083565
worth buying,7.914234425052241
get refund,7.914217832315888
daughter birthday,7.90918673620425
quality price,7.907180335642959
would even,7.904835365395396
broke uses,7.885426689769959
within one,7.882966319134986
seemed like,7.872938294278388
popped first,7.8682360705115055
small worth,7.8492177974691515
tried use,7.846701615932007
party city,7.83704785405101
worst product,7.832626066495419
fit well,7.8071271079166635
worked one,7.7950511720233076
looks great,7.77364382205317
within 10,7.752563040464105
could see,7.752135844615622
one would,7.704500287042617
make sense,7.690210160026806
got two,7.690155890421524
said would,7.674614583046481
one came,7.673456507309149
picture deceiving,7.67120061725945
return window,7.66461002170597
unable use,7.6560837277595475
daughter loved,7.638849173925479
last week,7.621850557966736
absolutely terrible,7.62154364423394
size small,7.605893849840207
package arrived,7.593207614973046
item described,7.586711201300078
said 34,7.54699159646948
open box,7.540476202867936
hard use,7.520420292105789
gave one,7.518345370740793
anything like,7.515704611032162
like used,7.511647708067736
buy item,7.510331456049227
received today,7.504423503840132
read description,7.500767750462709
mine came,7.496462068466214
big disappointment,7.485466779608184
taped shut,7.48270641228968
money product,7.465715757848933
worst ever,7.420023683599717
zipper broke,7.415315963839977
10 year,7.404683608073375
would nice,7.395788737259723
completely broken,7.383748529079651
grand daughter,7.361228610765897
followed directions,7.360410880330566
already broken,7.3440444286981075
followed instructions,7.3416529159451445
wrong size,7.339015861579295
would rather,7.332564788366096
batteries still,7.329270806298439
received broken,7.309693201560396
even bother,7.298047428230332
horrible waste,7.293699428846589
give one,7.262270455586278
water balloon,7.252464797384501
poor product,7.236926686417387
lights work,7.226190850380521
battery charger,7.210328905645941
box says,7.209205373800595
star wars,7.209013917130193
missing box,7.195808528518451
gave away,7.194521912966572
product waste,7.193973272140051
worked minutes,7.188229026806131
stuffed animal,7.175946153756451
please buy,7.173180307999303
within weeks,7.167406850861939
received wrong,7.164618446614202
hard plastic,7.153340004279883
comes easily,7.150229304389448
christmas gift,7.14685222826839
small kids,7.144383351583248
strong enough,7.135088862371083
looks good,7.122505405698531
package opened,7.111856748661504
every day,7.110216764179821
item description,7.1092177417600215
get use,7.106629107313497
super cheap,7.104772503251924
one motors,7.090935008704447
dollar tree,7.080629250706621
doesnt work,7.059254836849352
ever purchased,7.037791557497327
three year,7.025584662184395
even come,7.012551695653701
reading reviews,7.011368125826298
minutes use,7.00327895115664
took long,7.000198700365507
two times,6.997558812285676
work one,6.99741903401538
br disappointed,6.985551823435991
box arrived,6.969738747799829
never even,6.9655601311591875
ship back,6.963877948155073
look good,6.95692392872345
back box,6.954971537827217
dont work,6.953718805587868
many pieces,6.94964901150709
could return,6.924164859380671
many times,6.908979146835189
less month,6.887532854208934
stay closed,6.884010724085201
would bought,6.858134099022161
fit together,6.856290476291179
pieces small,6.845604809039674
product worth,6.844567113674341
even used,6.842621608775087
kids love,6.835472934351232
broke less,6.824578398717671
stars could,6.823883114338813
old loves,6.821712182675774
party favor,6.811068061624011
12 34,6.8005418236959185
like others,6.791483014772121
rubber band,6.79033544134478
inches tall,6.786149088823677
would fly,6.773238975921695
real lego,6.767026804086978
purchased two,6.766139323475788
toy son,6.758264264454679
ended throwing,6.7207406494601045
grandson loves,6.697622401613352
box damaged,6.696395811295863
false advertisement,6.692367621607797
something would,6.679617571414805
brotherhood steel,6.673304084490793
returning item,6.66812060993544
days later,6.664863464673478
product defective,6.658029324939452
got use,6.655465504106867
looked used,6.6536619905916305
son got,6.645478477924748
old birthday,6.63538999360166
take back,6.631777847853614
even put,6.622812019954188
total rip,6.619481513969516
good buy,6.613712438859467
br also,6.610185215753747
bubble solution,6.599193353776752
get something,6.592478597783798
put batteries,6.592408548180267
worth paid,6.58661962293016
broken got,6.576457420945705
returned immediately,6.569956684591893
ripped first,6.56672324003492
came without,6.556540857739408
four year,6.553576417281344
never buying,6.539020170854133
toys us,6.529639869376793
cheap toy,6.5142106295331255
one ordered,6.499158356971678
going return,6.490057806871303
cheap knock,6.489654703941554
tried return,6.488230775557321
money time,6.467442986313337
like would,6.458188904764583
34 br,6.446081393054012
old could,6.424531973691984
even give,6.422884382335282
even got,6.420910222066498
buy br,6.407433091937149
big waste,6.405764910629044
thought going,6.398469672803957
dead arrival,6.393581457981398
deflated within,6.389750992274212
would cost,6.3793843278090945
time return,6.3775088945848895
felt like,6.3768858771159
half hour,6.376757294103437
much fun,6.369513785948129
even look,6.367488351903116
balloons holes,6.3558059290626705
wrong item,6.353558802839459
different colors,6.344791662658402
worth 30,6.338964332148031
hard open,6.337903852036221
let alone,6.335110436906705
would say,6.33006202021226
damaged box,6.326141629436049
used times,6.31736166855943
opening package,6.310261961807276
another set,6.2802842591109025
anything else,6.271449043054203
inches long,6.270678185565055
good luck,6.263582013096736
time would,6.257944627581887
flimsy plastic,6.252915566597476
even one,6.252777057435688
son used,6.245785076694939
broke two,6.237548386676204
would go,6.236983868174091
still nothing,6.236976658266989
day got,6.23640217417922
ordered replacement,6.236245051316754
plastic pieces,6.235059496878046
broke easy,6.225685929093373
first birthday,6.225021154949594
never able,6.220424131282053
unless want,6.218713518873149
bottom line,6.2145387206901335
please waste,6.211208553530707
soon got,6.204290033990194
couple hours,6.187212387908762
came one,6.169975879114862
could used,6.169725156431594
expected much,6.165447874812143
going use,6.161632307708718
great price,6.158837892253233
disappointed work,6.152092522888319
fit properly,6.147243538110952
working within,6.144569459973576
water pressure,6.142537734760586
great concept,6.141924679160015
completely useless,6.133701381419736
keeps falling,6.130541411377365
difficult put,6.127953693838478
would fun,6.114270988440482
buy toy,6.106181529159343
money like,6.105566198142244
go forward,6.102177610779969
knockoff good,6.099877359934746
good real,6.099877359934746
box opened,6.096961265624055
lesson learned,6.088432362523923
every one,6.066087637302451
daughters birthday,6.064399987531113
put water,6.052487507788081
comes apart,6.034515978546336
long enough,6.029126672637826
different brand,6.026356875161973
light use,6.023610709102515
fill water,6.021108644877037
kids could,6.017455136146428
bad condition,6.013836899068875
recommend item,6.003673954296941
party favors,6.0035533681471245
think would,5.998738835773421
works well,5.989515414471498
cute idea,5.984721786262259
would fit,5.978073044609253
rip buy,5.975615823613271
defeats purpose,5.968050322786766
look great,5.957941187768907
even tried,5.944928393029052
ten minutes,5.932381302430975
make sound,5.913566241928075
would let,5.912450213012134
stop working,5.907601940516097
time tried,5.906287450331847
returning product,5.9043967561438455
three times,5.8982448434911054
even worse,5.88204913517
piece missing,5.880297867725698
never purchase,5.867717604454848
super tiny,5.8670357159831
hold well,5.851633957034165
looked good,5.851440797935698
go buy,5.8454349701304515
disappointed would,5.841580735997851
would last,5.829238596670434
came broke,5.826542768033336
light weight,5.825485037161754
two months,5.822202168065075
disappointed year,5.816754050384273
product like,5.812710262823303
absolutely nothing,5.808728973799339
got today,5.807680917635765
kids like,5.806833472037017
cheaply constructed,5.806499475414388
came mail,5.805644516062557
disappointed got,5.786983398988739
grandson birthday,5.78413135497869
dji phantom,5.7813774397800355
bought new,5.75278055195164
son excited,5.752199673975024
toy would,5.747507065226329
stay upright,5.747065451394681
terrible buy,5.746622577447835
quality bad,5.74424293703364
fit right,5.7422243578933365
plastic junk,5.737809130529978
broke fast,5.734166877572619
quality toy,5.733430594483501
hold charge,5.733419055336254
many others,5.732098925057175
spent money,5.727833052049798
comes one,5.7263881276547846
lasted one,5.717876103919305
would come,5.713137204167847
would think,5.709628095793322
two different,5.705591260076387
buy get,5.70465680485159
get better,5.704212684168798
could find,5.693013792894313
got box,5.6896609803051055
disappointed br,5.68641812412951
product good,5.684017123442244
item pictured,5.683898597870645
hold together,5.674832597583384
extremely cheap,5.671913347399063
bought item,5.671411695317982
broken upon,5.668844991872232
good deal,5.664547559127502
disappointed received,5.661422723746408
got bad,5.6593779925741305
soon opened,5.656380397938346
well disappointed,5.654084423222388
keep falling,5.641871498788441
total piece,5.6331621404648535
disappointed ordered,5.628073609773048
throwing away,5.614561012732145
tried everything,5.609370756345866
broke week,5.605476524619666
picture one,5.595917007467243
get rid,5.595490919793905
got hole,5.592293493140753
different picture,5.589699661281599
half price,5.585065627588689
something wrong,5.573942786235994
cost much,5.573607881670478
price high,5.570702311319626
box crushed,5.564304453270161
works great,5.5632841393876795
spend extra,5.5560625423670436
could barely,5.55547648559753
br good,5.549322159779226
also small,5.54519427798338
time even,5.543801743352788
two one,5.541607715920865
full size,5.536850700825024
worked fine,5.536536254775422
broke minutes,5.531852063182207
work second,5.5310498438337525
super glue,5.528653064008861
made would,5.528639148724071
smaller size,5.52075234503983
upon opening,5.519646918034967
use one,5.518650087749679
returned product,5.517218560299138
quality returned,5.517116021218927
arrived today,5.516572272235797
trying put,5.5144658296744495
picture description,5.514227491339035
cannot use,5.505563468293512
get go,5.50250355508045
super small,5.496636004812859
small hard,5.492615705795169
take apart,5.492221736619001
buy new,5.487857321192269
everything else,5.485615084418004
broke almost,5.4848468620575375
gave gift,5.4810861147216015
quality buy,5.471752307117905
br bought,5.470204555457645
thought ordering,5.463670372184863
couple times,5.459301509391867
made broke,5.457837773315776
back forth,5.456671593793451
one pack,5.452842939237314
look elsewhere,5.448374008119916
get replacement,5.4462252032392815
buy cheap,5.441034087164377
good one,5.437972533724135
first place,5.437286108475036
disappointed size,5.436355042595286
hard time,5.435445993124043
cheap chinese,5.430903104380988
description misleading,5.425060453433259
broke pieces,5.422743591554164
quality item,5.421830300850205
quality waste,5.401828087625166
disappointed toy,5.401114617924326
lunch box,5.3985858942811165
description states,5.395732755486037
didnt even,5.385155944548959
much larger,5.380741240135674
could make,5.380682577981957
work daughter,5.372739406926554
total junk,5.3675966662050625
glow sticks,5.361314749027658
terrible design,5.353527803072141
water leaked,5.350798607491554
glue back,5.3474435178641375
came defective,5.341849950703185
money one,5.339915654520041
like cheap,5.336013962739843
gets stuck,5.335399722497414
quality material,5.317891336807756
feels cheap,5.312121198054473
20 bucks,5.31155298333873
extra money,5.31068680641345
much much,5.307429731734879
thought buying,5.30567870043264
way easily,5.301716963752439
look nice,5.301004067971089
somewhere else,5.299746209230916
30 seconds,5.293281491601436
like said,5.291278128238821
let go,5.286196835865482
went right,5.285686986586965
give star,5.281633682395871
looked nothing,5.2808652786591
already opened,5.280824191547527
duct tape,5.268282747711762
buy brand,5.26660808225354
going buy,5.260712185777189
br waste,5.258962164628833
kept falling,5.258907585755427
would expect,5.2559261766658345
arrived missing,5.255727205257089
pre ordered,5.249395340737511
thinking would,5.231176119230575
missed return,5.230585751527633
excited receive,5.214119195160144
time use,5.205054556264931
fun lasted,5.203174614936854
worst toy,5.202901256321777
good price,5.194945972156733
go way,5.194746273999298
lot money,5.194044231937498
one set,5.193759687132653
made product,5.185207163204662
made poor,5.183488112247592
come box,5.182297230883282
want play,5.18190079170565
even make,5.168225610324054
bought product,5.16522221427974
last minute,5.161538320491429
action figure,5.157762539745202
started leaking,5.155726004513128
worked well,5.1510974565032495
junk broke,5.147703479678509
recommend purchasing,5.140839764421664
especially price,5.13804844483669
toy broke,5.137367590880405
product would,5.133671416442833
right one,5.126055632353591
kids played,5.117201867065992
pay shipping,5.1150574672903
return shipping,5.111147762347409
like great,5.105083884078363
new item,5.104485559169115
buy something,5.101307908630334
inside box,5.095169343437314
average size,5.0934232078303125
one size,5.091634661774168
especially since,5.087822731288181
30 day,5.087135569440916
lost interest,5.082998334777622
whole set,5.082622987721763
purchase ever,5.0818719242459744
work disappointing,5.081077712957798
apart immediately,5.079603146725326
one br,5.071457811305322
replaced batteries,5.066741941837558
would given,5.066189945689705
never used,5.06522935886669
junk work,5.0642643654405965
awful product,5.061935474808428
one broken,5.0578612179166
last one,5.057497553289487
return date,5.056536684156694
make look,5.055995833081884
money disappointed,5.0543901508792555
impossible get,5.052870194778334
suction cups,5.03734193993555
like many,5.0353949105756595
thin cheap,5.0352837923793095
box received,5.032329355007067
started smoking,5.030328236902674
chemical smell,5.026757052822301
would good,5.026257407826804
batteries dead,5.020200888199988
balloons deflated,5.017905125470323
sound like,5.0164144692767625
son wanted,5.013266264155042
br received,5.012584939457825
got mail,5.008964155895356
match picture,5.0085217844739045
use first,5.007138731242105
apart soon,5.006140919524555
broke month,5.005266867291946
one balloon,5.000700557615156
almost every,4.997068754367849
picture disappointed,4.996927616227406
product broken,4.991648494708937
put away,4.991613029320403
actual product,4.991055908379868
balloons filled,4.990552244056718
one motor,4.990534205646088
item broken,4.985747895880504
set 34,4.9787398166506325
work bought,4.977276592509233
take charge,4.973357417452924
http www,4.966045641862031
snap together,4.963087584604058
quality plastic,4.959561496784362
game pieces,4.9555885717214245
way expensive,4.953112061565118
light work,4.952616530732996
clear plastic,4.950991375851764
would pay,4.950222059588485
time played,4.949168368228813
pretty disappointed,4.947831147224052
defective one,4.942790054579351
quality would,4.941002872901739
started falling,4.934062665437764
way priced,4.933621963962272
work br,4.9328050484954185
work advertised,4.9293486221673675
ordered another,4.924115114085336
amount money,4.916761191553965
worth effort,4.910187168129503
multiple times,4.907284971601257
br one,4.903931362355163
last minutes,4.901119849125775
even see,4.892243454660651
arms legs,4.889662389568146
first try,4.888198879254274
son upset,4.883784114804937
received damaged,4.879987887093453
tiny cheap,4.871448023398671
item ever,4.870752903472473
third time,4.868118010358929
old boy,4.8633401895214625
lost water,4.860190147867263
one arrived,4.85927272627064
guess read,4.856231402773253
highly disappointed,4.855646497986699
cannot return,4.850848391421244
change color,4.845288112872359
animal abuse,4.8424531318073445
terrible purchase,4.839412077400118
hold helium,4.835566302624686
pieces stay,4.834280986725864
tiny little,4.829752745578281
hello kitty,4.825023654062512
would definitely,4.824332069286164
never seen,4.822549001615973
box one,4.8223186278459425
ridiculously small,4.8221246541245275
kept popping,4.8182034054649625
34 set,4.817221574893754
broken pieces,4.815286157094949
return get,4.813584060375722
made worth,4.812338587324319
forever get,4.809299782556033
work buy,4.807948678322322
bought thinking,4.807923082292684
20 feet,4.807889140231234
name brand,4.802197441461442
arrived one,4.800317051505516
took package,4.797346191732578
ordered product,4.79374968988828
product broke,4.789092287819269
good condition,4.785257130508079
best part,4.784490478067921
buy work,4.780269198178137
totally different,4.7802330262483155
bought different,4.779814771689222
vault boy,4.778237581488137
want return,4.773775466076664
son use,4.773632997522688
absolute garbage,4.7677610453279575
totally disappointed,4.765181981373131
use product,4.759720653729514
like toy,4.7551056825424425
buy want,4.751158914882376
way go,4.7468198164256705
work like,4.745359048574523
works fine,4.744820419938406
cheap even,4.73969173036525
great game,4.737966846997127
good size,4.734527281679134
time using,4.733036040561009
great first,4.724761918045275
made thin,4.719664867779839
got birthday,4.716874820875592
english instructions,4.7137605577567125
small child,4.7136072193645795
one way,4.712264946532958
nothing happened,4.711960617803799
better one,4.710112219283454
time put,4.7091764712857485
old niece,4.707219301321754
new box,4.7068311367363505
like material,4.705383116063985
could fit,4.70396528296704
money would,4.699188109972343
tried put,4.699110883567026
going get,4.69673906550108
pink one,4.695786648899694
great quality,4.694238865890562
hole one,4.687053032130343
12 year,4.685048185513136
second set,4.683138723179157
difficult use,4.67961302980124
small water,4.677447077946343
would charge,4.673016842218334
small year,4.672693423639352
return disappointed,4.671174078930179
price tag,4.668618770843128
hard see,4.6674408902618065
price would,4.66374430745193
product bought,4.658669602690607
apart quickly,4.652781478287519
flimsy cheap,4.650432395657315
returning immediately,4.647754318562886
trying make,4.646710437971336
months old,4.646275540435659
hope get,4.646222132797778
already broke,4.646002567667446
complete garbage,4.645970802765701
see photo,4.645935088372736
little boy,4.645291254815863
changed batteries,4.643838666690337
three days,4.643563237830588
fluffy baby,4.634501050591355
looking buy,4.626720253475407
also came,4.6210260524952815
star would,4.61932837493877
bad buy,4.617993232848576
need buy,4.61403382417933
worth time,4.609914576142866
last month,4.608099520181492
gift son,4.605796153354533
quad copter,4.601970922096163
product horrible,4.601635805842457
stuck together,4.59322057714296
purchased product,4.592510163905802
great product,4.592508231699589
larger size,4.587237807462274
arm broke,4.58647084066453
time br,4.584608174553419
got refund,4.5809555031984734
beyond repair,4.576668695756706
leaked air,4.5746049813051215
one four,4.573034518636584
single one,4.572762736159789
much less,4.572171622016304
would read,4.570225751203592
change colors,4.564119212232445
10 00,4.561507198109419
bunch balloons,4.55851044454647
say least,4.557243532210813
dead batteries,4.550126722517179
want buy,4.547204841560571
real one,4.546334269767504
balloon fight,4.5436822283276195
10 min,4.53957158187008
useless without,4.532628630289335
one disappointed,4.521898075964076
like 34,4.521415525810725
never ever,4.519182372808084
product anyone,4.519055767978735
month later,4.516521116116737
weeks ago,4.515439504873322
made mess,4.507919400647788
apart one,4.506949057513367
br however,4.502851760189744
quality cheap,4.50256037677397
kids used,4.499740411299708
seem like,4.498624356390122
battery cover,4.4975511081444015
played times,4.497546099527416
handle broke,4.491578501094965
get dollar,4.485413419259258
disappointed thought,4.482907270321455
get together,4.480586922561744
broke 1st,4.47742949687487
broken box,4.469293935282757
package damaged,4.467357245384434
package came,4.4654504353083855
like pictures,4.463247704776425
much time,4.463197074082042
right back,4.461551197037037
br got,4.458547302460924
small fit,4.457228242207179
back worth,4.456487450990438
wrong color,4.4555934309411525
run time,4.4478800486429275
son even,4.442543817886548
www amazon,4.441045853644852
instead received,4.436549214648903
better buying,4.4349116890837825
broke got,4.433156412693105
try return,4.43063894123072
months ago,4.430075714366524
kids excited,4.429617256844898
first flight,4.429367211381271
disappointed amazon,4.423833918380357
bad reviews,4.422821278758333
buy unless,4.4211132395651624
would make,4.418912418421465
package open,4.415490880216552
thought great,4.412044533717205
play game,4.411273645938083
keep air,4.407304705700369
hubsan x4,4.405105771016734
bad idea,4.403209359678828
playing cards,4.403117996938451
contacted seller,4.398653358385984
use would,4.397862167840898
received package,4.395653140187184
way better,4.394369021088666
money buying,4.394294037560402
squirt gun,4.391249067776975
cheap piece,4.3882184669264745
would sent,4.387712336056995
stay attached,4.386885341311082
super excited,4.382667455875884
different color,4.375413053976823
opening box,4.37502704857776
time daughter,4.374306836668895
came box,4.371708385720624
34 new,4.371682094578768
got replacement,4.370508369279992
days use,4.366588923122654
would liked,4.3639920114328
box would,4.361522143689385
within month,4.361366672210552
amazon return,4.360891911822232
toy br,4.3605708698749925
back would,4.3586822587648975
small cheap,4.353790024599946
son playing,4.351475398398028
small look,4.34961119565857
absolute piece,4.34799408678013
picture misleading,4.346098935105378
get stay,4.342911944374318
half way,4.337258482320042
work good,4.335388311636292
stars possible,4.334622852152255
cracked broken,4.333860675684224
hassle return,4.332007026600004
cheap junk,4.330218994857557
purchased gift,4.329995985413615
didnt come,4.326936834446215
cheap crap,4.3262153402358505
days ago,4.325964987886008
great deal,4.324954404646416
replacement parts,4.324006616435394
loved toy,4.317351115581305
thank god,4.315216105979375
item work,4.315168409303207
within seconds,4.309614717614413
buy better,4.308691155456605
couple months,4.306131692037832
lasted day,4.305014079328512
granddaughter birthday,4.303727210925142
negative stars,4.29963714513759
total garbage,4.2991569736875155
says 12,4.293939131440061
real life,4.28998249726158
finally got,4.286620442028104
glued together,4.285314433244997
little kid,4.28106971955618
pay return,4.275300363969617
one never,4.273988042807823
one card,4.26965459881498
caught fire,4.2693455804391895
far worst,4.268884469469359
web site,4.263757497396268
way easy,4.263222728274679
item would,4.260120607127293
worth hassle,4.25461097836232
ended using,4.252468223197281
listened reviews,4.250865614683169
like everyone,4.250478770144294
daughter got,4.249981606759388
disappointed kids,4.248385339126509
smells like,4.246213906329629
week later,4.239977667399781
would order,4.239106452728297
lasted minutes,4.236549785482557
got item,4.232878965965272
weeks later,4.230426142358281
action figures,4.2276774772478625
started coming,4.227155696713995
never get,4.226526100917481
broke times,4.224960655683235
wal mart,4.219453941802655
minutes playing,4.215446460976919
cheap pieces,4.214752169575071
looks cool,4.210247535321573
great toy,4.208918393327406
left right,4.208752553007592
extremely poor,4.2079298033564445
even hold,4.207580361796767
however received,4.207376170965307
money go,4.199478701352525
could easily,4.199428454116315
two pieces,4.19899755098952
let water,4.198870218157977
one picture,4.193896169259984
broke quickly,4.189467869499721
looking disappointed,4.18937033639272
working days,4.187756726408752
contact seller,4.182441482150521
make noise,4.182429342691032
ordered item,4.18228130066936
quality toys,4.181743946863354
one also,4.181546303926361
left arm,4.181084613768396
like pictured,4.179962348291258
extremely difficult,4.179322073708326
balloons would,4.176072358996293
find one,4.1739352159376795
low price,4.173495123543035
worth purchase,4.173064715735654
quality one,4.172665652514283
came first,4.172310955818514
last year,4.16667237184701
less 10,4.164528674751583
little bit,4.1644856503632495
great kids,4.16411928061806
look nothing,4.162912899008335
popped within,4.162522969736321
bad one,4.160408526658347
ever spent,4.159016878230716
kids play,4.158386287522792
two hours,4.157960702027345
even fly,4.157171845188063
build quality,4.155942576240685
chinese made,4.155594388265674
one wanted,4.153297996424385
worked since,4.1527963927854525
quality came,4.151840952507444
base game,4.151298954904691
one little,4.1459297049655275
higher quality,4.141895754620639
34 slide,4.136673168640549
spend time,4.133903634494313
immediately disappointed,4.133394011256238
buying product,4.132675746760857
expensive quality,4.131655612378507
12 pack,4.130525260419674
day one,4.127677267678882
see picture,4.119131788376775
5th birthday,4.113106700655843
work got,4.112379017685458
impossible put,4.111111424299777
front wheel,4.107596374738779
30 min,4.105332561265882
bad shape,4.105164834595927
rc car,4.104584623763194
daughter upset,4.1029237293181176
pay much,4.102070067284597
product says,4.099834548310222
even play,4.099105595203563
fun game,4.0977171370326095
bobble head,4.096367218011233
received cheap,4.095464484160287
got 10,4.087765308016994
disappointing product,4.084911475347845
soon put,4.0839977263550455
product br,4.082812082728218
maybe got,4.081344053051086
nowhere near,4.076912108015403
broken work,4.076770111073907
black marks,4.07475799904072
post office,4.0730251523813115
disappointed waste,4.070357982145735
would much,4.064880998954582
plastic cheap,4.062896382791062
br even,4.062876707145433
item small,4.06083805821806
small item,4.060457281976394
minutes play,4.057384189404547
got broken,4.055406473441324
came missing,4.051161359957613
got frustrated,4.05105526661151
34 toy,4.05004214041688
though says,4.049764468215781
almost instantly,4.047542550611427
arrived quickly,4.046854661277955
metal earth,4.044911169351233
without even,4.044730287085542
totally useless,4.0414277418676425
fine print,4.040532315067477
try use,4.039442520113495
cant even,4.039136195826029
christmas present,4.038998137765606
less hour,4.034244276625979
fly well,4.03418390123399
say 34,4.033606895437281
back get,4.03255148042604
sharp edges,4.0313593432227925
worst part,4.031060850894069
changing batteries,4.030279073341174
disappointed little,4.027103360002444
even open,4.026386470063105
would perfect,4.025641575699147
went back,4.024226819837034
cheap broke,4.022709053011989
bad experience,4.019531182147819
made toy,4.014797619335582
product cheap,4.012585400657621
go far,4.011292937358981
daughter would,4.011063726867747
work son,4.009757228380982
item broke,4.009606461478222
ever buy,4.004614020575448
make sounds,4.003439358874479
stay well,4.001588026769035
last day,4.001235049022851
box got,3.998677533966315
box torn,3.9950251034696347
little girls,3.9934188953105143
return label,3.9920623959690023
figured would,3.990828046158623
simply work,3.9884347964076734
onoff switch,3.987698253048058
piece puzzle,3.9876710181106416
cheap waste,3.9857851892369176
br first,3.9852711107398533
went trash,3.980862217225624
first got,3.977995846378302
product poor,3.9750735452896793
light saber,3.9743513619471877
biggest waste,3.9737665427851683
slow leak,3.9727718186058967
one worst,3.9705034353747815
considering price,3.9664899772257884
one six,3.9662178623058875
write review,3.965286179176892
product delivered,3.960448540812677
minutes broke,3.9597606816947852
two broke,3.9583931681132
everyone else,3.9582909116524325
wont stay,3.955495310481888
completely fell,3.954563679063747
nothing worked,3.9543320953511056
return product,3.953079464283365
couple days,3.9527939287257965
fit correctly,3.951744464012685
two years,3.948829542902889
product even,3.9449081324056436
gift birthday,3.9436352788961226
get back,3.942504539051554
two sides,3.9412628036568353
thought one,3.940207348688089
replacing batteries,3.9353764416467882
new ones,3.9340250444394247
money br,3.9331977384107377
would take,3.93009473762136
hose connection,3.928648202308474
much small,3.9268833142217354
wrong product,3.925698474121181
quality broke,3.92499732007047
buy recommend,3.92394485182456
battery last,3.922066738059592
picture shown,3.920817445662726
due poor,3.9196342612265465
enough make,3.916609596853631
would stand,3.9138032530446702
bought grandson,3.9129726454383302
fake shopkins,3.910838618690513
straight line,3.908306716888739
baby shower,3.907505439901882
day son,3.907377138426976
found one,3.905528118464435
work never,3.9035599965367727
received 34,3.902732500664409
small flimsy,3.899261324834269
34 water,3.8906018674425416
pain put,3.8899158293673657
get much,3.8897808725938843
broke disappointed,3.889112145373945
made paper,3.8871035612718443
toy box,3.8833476340255357
could hardly,3.8833476084800833
different one,3.8780684287071185
defective product,3.8768618705125464
2nd birthday,3.8738999903103823
purchase product,3.873275341013302
across room,3.872171861600806
disappointed paid,3.8679382639591573
new game,3.867020104583018
toy 34,3.8653217599255
broke easily,3.863373370403755
advertised 34,3.862950468982636
sucks buy,3.858783750449076
coloring book,3.8552229207089384
restocking fee,3.8544118666409135
lost air,3.851314290680792
br bad,3.851159457569353
broke weeks,3.8501913646614123
daughter excited,3.848824771920309
super mutant,3.8477918549521752
write reviews,3.8475009668693505
worth 50,3.8465329505160097
went bad,3.8453324746094553
never use,3.8440466772313258
original packaging,3.840171465168477
carbon fiber,3.839687302615648
charger work,3.8369794784703117
younger children,3.836768698772229
working anymore,3.8284271247461903
come one,3.8272292911206045
still want,3.8271901264627317
pieces junk,3.826705282931383
complete junk,3.8261806573419315
even think,3.825323756629457
worst purchase,3.824753015989908
makes look,3.824273847282792
apart right,3.8241527078996596
10 seconds,3.820359975875396
shipping cost,3.818134439143903
cheap materials,3.8148389559380727
tiny pieces,3.814533686973379
stay filled,3.812054158809441
lasted less,3.8116770332203114
complete disappointment,3.808731014944137
first 10,3.8070742413012812
pictured received,3.805910575234604
item picture,3.804943361840367
day used,3.8048429738733875
new version,3.8044141350978506
instead one,3.8035517484332666
like original,3.794104610883527
returning refund,3.791882597027881
bought packs,3.78994695067928
open package,3.788584893605482
bought several,3.787010878881759
beach balls,3.786361004605192
three pieces,3.7851788099447665
taken market,3.7849040375893677
buy child,3.7840759923833756
one hour,3.7837085737651703
well enough,3.782710665144914
makes sound,3.78241010248473
super thin,3.7820168337493087
cannot get,3.781876290911073
got money,3.7808566197217983
game br,3.7797023870604747
included box,3.778465077171242
looking something,3.776689340590741
break easy,3.775352881873303
product never,3.7751791033013022
10 balloons,3.775009756273764
product son,3.774884999328519
normal use,3.773339762451506
horrible fit,3.7712239820766555
battery pack,3.7666962992229998
get two,3.7662220567560785
leads believe,3.7661193942220748
right side,3.7655757235740612
use pool,3.765008196631544
move around,3.761425524398503
together pieces,3.75635982567804
product advertised,3.755150991977975
product twice,3.754305654247569
plastic piece,3.752047810840769
looks terrible,3.748392992491178
makes sense,3.747787075076248
battery charge,3.7472942792889805
spending money,3.7470919811936723
expected something,3.745781761511312
money work,3.7450885929305073
dont even,3.7424828631475964
game board,3.739062506124554
three weeks,3.737686914018181
stick together,3.7375375710545224
received new,3.7366909773930796
pay extra,3.73485958716258
however one,3.7331077060392364
sd card,3.732679068050703
buy dollar,3.732596873445681
even turn,3.732525477458974
let kids,3.7307322763207527
charged battery,3.7252477075744634
red blue,3.7251574742861933
one lasted,3.7249945400595186
worked even,3.724094452185973
two three,3.7237551303754475
one purchased,3.723513122914376
going try,3.723483762566502
order one,3.7233461468048152
one works,3.7232081652069415
back side,3.722755203053047
cheap worth,3.7200407334647094
kids birthday,3.7196739742358593
way would,3.7191218904559475
like could,3.716569937342615
nothing else,3.7142506588255335
hard play,3.713381258778672
product got,3.7122378114828827
paint chipped,3.710258201608963
worked properly,3.708490862612626
would understand,3.7066817388470605
much longer,3.704400603700237
even deserve,3.7033538477572083
got home,3.701758265237647
received red,3.7009801768496233
nearly impossible,3.6981881451072027
weeks one,3.697645614954424
broke apart,3.695878933605844
figure get,3.694912504214611
plastic parts,3.694603543879379
battery came,3.690317960564577
difficult get,3.687933299476499
huge mess,3.687372158415753
water bottle,3.6836181089436284
worst quality,3.682556926712384
leaked immediately,3.6810142456523653
fun play,3.6797607300605972
disappointed price,3.6795899730709403
fill way,3.6790567777677516
like someone,3.6788495559251055
battery operated,3.6714300083633145
regular size,3.6710385968738195
parts fit,3.6705428331442764
would sell,3.667938218392595
way around,3.667816853597256
return amazon,3.666158103826362
got product,3.6640374005334735
wanted get,3.6635440040987586
worth returning,3.658496988543103
like going,3.6584566166862205
package received,3.6582298091969783
looking like,3.6573850899135154
horrible horrible,3.656663720026795
took hours,3.6560430639094585
something better,3.655412228854381
less minutes,3.6537689150813244
get right,3.6523424586846955
little disappointed,3.651584699862497
shipping took,3.651534638751124
size quality,3.65031003300822
way hard,3.649186437346032
could leave,3.648918311358366
able return,3.647998982714933
paid much,3.6470213435879026
disappointed bought,3.646379713741695
horrible paint,3.642267393552846
mickey mouse,3.641838534782687
broken toy,3.6416716848703565
time ever,3.6413622213187713
another brand,3.638802566716654
three hours,3.637130632666704
already falling,3.6362887490979383
never recommend,3.6354774363775197
unable return,3.6348830032423525
wish read,3.6345347503237173
open way,3.632011953760427
pull back,3.6311928801074718
fully charged,3.630308321663767
may return,3.6287009047432224
big rip,3.627698259359
34 tall,3.626868722252591
got cheap,3.6222227375682436
picture br,3.622088836628097
suggest buying,3.6215934535090843
right size,3.6203593947415174
10 days,3.6203091771951783
anywhere near,3.6199885503397224
matter much,3.617651687241784
another company,3.617020751754364
second flight,3.6158474428850687
pieces look,3.6151254731338227
sent replacement,3.614465915801606
kept getting,3.6140596526639275
one another,3.6121590424522347
34 game,3.611018844885957
work water,3.6087987393908567
product described,3.6087589657295824
junk buy,3.605280232673981
poorly painted,3.602619193934021
pretty cool,3.6022705624369533
buying another,3.601738120145108
one package,3.6013590853124264
fun toy,3.59732838068064
love toy,3.592548790903826
would put,3.5913400189483515
ones got,3.5913263235530173
br work,3.5848919449368366
many parts,3.5836264967679092
received defective,3.58234834805062
give child,3.579452254931788
plastic toy,3.5790898372309887
extremely low,3.5744338289016246
would fall,3.5733973276091238
disappointed son,3.5724737470749948
expected better,3.5724303656385823
easy put,3.5718336999248437
work better,3.571746709687714
better product,3.571057107046053
toy looks,3.5707311508183563
2nd day,3.569617842875969
dont get,3.569218720378594
water leaks,3.568114943653285
terrible broke,3.5672159263829637
pieces together,3.567112468029485
takes lot,3.5659449617451653
pretty sure,3.5646350222264074
get fly,3.5640727651782287
heard back,3.562862940905595
high enough,3.5623807555230886
even stand,3.559084988250552
game played,3.5580067094609467
save time,3.557110976923992
poor material,3.5569302136806007
product one,3.5561072830611984
like paper,3.5540697018967933
play doh,3.5510245324438383
beach ball,3.5503058325568864
damaged item,3.5479589517952057
worth cost,3.5411792050339237
ping pong,3.5411381479033124
concept work,3.540091622882131
11 year,3.5399841319559133
fell first,3.53892301674648
going give,3.537341673682594
want spend,3.5344341385262643
one first,3.532612647907534
received look,3.53259910105439
came open,3.5315328434846114
steering wheel,3.5309264827296296
little pieces,3.5308395708151084
son liked,3.53041022136137
head rest,3.530228654960233
would one,3.529616381201074
extremely disappointing,3.5292677388572287
would suggest,3.5287493814016373
super easy,3.5274530336930296
stars option,3.5270150436061343
one already,3.5232218232692
great however,3.5192267667168267
daughter received,3.515990537225071
bought first,3.515392250884835
look anything,3.5149067279481407
never work,3.5128479160140182
supposed get,3.5116214069267055
toy poorly,3.510927933860253
completely disappointed,3.5107069912206645
purchased amazon,3.509823582368095
hassle returning,3.509392644062341
lasted hours,3.50677685880542
enough said,3.5065283669351572
disappointed order,3.5047210578584225
given stars,3.5046660977397397
purchase item,3.5046532380605253
try different,3.503627030870199
awful toy,3.502741839028387
bought three,3.501189461153097
junk waste,3.5008174576091466
way make,3.5000337473236134
paw patrol,3.500003833134733
worked perfectly,3.498176163668536
battery life,3.4978796358677613
get good,3.497126716332174
week use,3.496218270884469
secret rare,3.4940843667989956
please send,3.4940263386801034
red one,3.493845136661895
threw garbage,3.4926318004258223
good fit,3.492188100813914
first run,3.4916354928430255
completely ripped,3.4909050579116876
within two,3.489008238502156
could put,3.48724696977052
one three,3.485292526950817
look picture,3.484373620760173
used twice,3.483052657283147
unable get,3.4786683380816097
box smashed,3.4780765778767373
br could,3.4757729824906
grandson disappointed,3.475249440267701
star reviews,3.4745825117011426
cell phones,3.474277651269218
straight box,3.470204111960506
half time,3.469589107195524
description say,3.4688846433702594
bought pool,3.4688822559485892
snapped half,3.468002400242752
could tell,3.46720614027329
makes noise,3.4647303889007617
older version,3.4636582641504807
got package,3.463450663493295
also purchased,3.462664214493352
tiny small,3.4624759618816587
came crushed,3.461921387157476
update review,3.4617420358197677
received different,3.4587711127416014
together work,3.4580425068965344
tissue paper,3.4571044155881507
complete rip,3.4554481883285413
toy work,3.454662765042437
well one,3.4544415516575824
made purchase,3.4524236420755843
immediately upon,3.4518167188205195
keeps coming,3.45031564261631
10 mins,3.4502864896516456
parts falling,3.4500529934030624
absolute worst,3.448543403831718
gift year,3.4464125317110708
extremely thin,3.445834168957307
way thin,3.444381989780922
made mistake,3.4435648627565585
may vary,3.441343951137128
product quality,3.4411341924580983
air first,3.4388418051598295
takes long,3.4335514232099387
stayed inflated,3.432903638552466
try make,3.4326537445285092
held water,3.432469296202283
like ones,3.427972599251908
18 34,3.4245778774458517
even small,3.4243344819112354
br returned,3.4241523703499435
item used,3.422597477847111
little guy,3.4209807536454564
99 cent,3.4208102359849963
would loved,3.4189279435538866
bought nephew,3.4185538792504073
little tikes,3.417617622511707
got defective,3.4173333261406222
clearly states,3.4167460016949507
wasting money,3.4153201299488183
bought sons,3.414880538618763
look right,3.4139441596335915
get game,3.4114969398115775
quality recommend,3.411404757261842
unhappy purchase,3.409988156729231
first two,3.407379246085216
wheels turn,3.4037337538688934
disappointed since,3.400027033593038
pretty good,3.399609664165189
absolutely horrible,3.398376637013911
broken returned,3.397685015713713
hot wheels,3.3975888108436947
cheap price,3.396437748819803
thanks lot,3.3961962203406504
send new,3.396061126130982
last time,3.3956624794477857
picture actual,3.3940358707644465
left side,3.393734907171954
price get,3.3928339013392956
better luck,3.3921045616867938
disappointed looking,3.38714226485968
terrible waste,3.3856541647501346
child use,3.3847855960459983
much pressure,3.384277082780952
read fine,3.383489414929501
use party,3.3811239197507135
gift someone,3.379248122121307
arrived without,3.3787218660950016
almost month,3.3786808949308504
one pieces,3.378532443219161
received pictured,3.3785161777368486
top heavy,3.3771223177294254
still would,3.3751766471601536
granddaughter loves,3.374983126270822
ordered son,3.3746491841435216
poor condition,3.3723346477609915
price outrageous,3.370741426760146
zero star,3.3699210479149846
also like,3.369488971693054
waited long,3.3684193886577276
long hair,3.3683895104662396
packaged well,3.366572507121581
find something,3.365858246291249
rips easily,3.3649683109415625
called 34,3.363551505980264
never received,3.3632863940377375
much cheaper,3.3631303808801647
another seller,3.3626179149198414
time getting,3.3600593000955095
got another,3.3593207171162134
open br,3.3578428124325175
broke soon,3.3578231524852713
anyone buy,3.357445384706969
purchase another,3.357068058031829
car window,3.355455466714239
several hours,3.35289331778163
buy seller,3.3504154185431463
purchased son,3.3503749252291204
blow bubbles,3.3477722514005754
grandson loved,3.347288818251833
let return,3.347048329081606
returned ordered,3.3463072341682594
product bad,3.344897095807089
stand straight,3.344728894723063
big box,3.3431626456192127
daughter wanted,3.3428849488806742
like regular,3.3426020467782243
quality terrible,3.342428875258874
looks cute,3.3420807082419466
money item,3.34074615793405
playing one,3.3400434966437436
past return,3.339628170582606
one gift,3.339390930394617
guess expected,3.3392639547151233
together even,3.3390477922509354
held together,3.3388411267180174
pieces plastic,3.338718925812223
one hand,3.3376936731585314
br like,3.3370101722613765
sure going,3.336010957207579
go find,3.3357301082805133
apart would,3.334798003161457
much higher,3.3337001783477738
crap buy,3.332658557720335
thanks amazon,3.3325889038158
water immediately,3.3312420172206734
fun first,3.3304669364117077
stated description,3.328088298839594
know cheap,3.323228751580211
two small,3.32267710007289
one single,3.3222895523190115
something different,3.320862302500537
br return,3.318884405700946
earned money,3.316914563459738
battery work,3.3160740744255603
board game,3.3101179806170347
one second,3.3070086871783113
obviously used,3.3053025039035138
get paid,3.3050529513317835
inside package,3.303710493490115
old got,3.302738121441609
get wrong,3.301374710593805
two minutes,3.300660288612732
even try,3.29926019915134
pay attention,3.298911227607835
way could,3.2988450332575336
head broke,3.2982387235200186
34 get,3.2955028868731615
would allow,3.2944243971657823
weeks broke,3.2944048841307927
one big,3.2943189381125886
thrown away,3.2912869818441934
hoped would,3.2897801267215203
back amazon,3.2866603948762165
worth buy,3.2861241182606378
return refund,3.2844244852119715
ordered thinking,3.283068838953806
would waste,3.282168916416984
one box,3.2815287549390852
hobby shop,3.2795762527610997
day received,3.2788951580358052
wrong one,3.2786584175518785
big deal,3.277998181253771
box said,3.2779844896474044
came china,3.2771700804356696
two packs,3.2746755792540614
tried play,3.27267205253341
seat ripped,3.2721551756361045
definitely returning,3.2718552055247074
several months,3.270795197056075
sound quality,3.2674596277150854
use disappointed,3.2666009892998726
money piece,3.2664665788919103
change batteries,3.26484732981476
wanted return,3.261850771474479
one even,3.261804966430675
since bought,3.2603594429898624
missing part,3.2601370288320566
sure would,3.2599056299769718
package says,3.2573619713805027
gag gift,3.2566633115072996
junk one,3.25334699191244
disappointed looks,3.2521941197582467
push button,3.2517240800452423
back wheels,3.2500133938355242
small toy,3.2495517934783336
filled balloons,3.2489514831378936
br http,3.24839545793452
product picture,3.2470989162484765
saved money,3.245557024349374
working weeks,3.2447961922996518
get get,3.244339085492287
20 30,3.243606326139826
item much,3.241659942518293
absolutely awful,3.2416139514356184
recommend toy,3.239976029244206
dont know,3.239822048328043
work balloons,3.2392122906303604
came instructions,3.2363576621879075
batteries work,3.2349574922578066
fresh batteries,3.234112899414951
would able,3.233972184802542
unhappy product,3.2336305234813016
within 30,3.233613055042797
game like,3.2323049230293197
product great,3.2320762102199696
grandsons birthday,3.2320253615495305
none worked,3.2318974226589745
br worst,3.2294868944989323
much bigger,3.2275468948582606
colors match,3.226807301493827
son opened,3.225905623128563
expensive toy,3.225645333714315
avoid product,3.224795486194786
swing set,3.224234455978349
get product,3.2219420076791585
makes hard,3.2206279326392853
things like,3.2196220846621646
ripped within,3.219486112968531
real disappointment,3.2193406448049715
time took,3.21864613687426
son received,3.218578606094743
lasted two,3.2177865705955995
little hands,3.217663127679708
money spent,3.2164672536875623
also broke,3.216203847013228
like game,3.21541865576768
quality worth,3.213022298385794
apart week,3.210335955442447
lot cheaper,3.208038164263516
junk even,3.2058381908878766
completely wrong,3.202320254737874
tried two,3.201898391861089
ordered got,3.2006528668484826
thought could,3.199388802046024
br get,3.198684376625562
disney store,3.1975100887349304
small box,3.1961991702609946
disappointed find,3.1954460775397617
bottom pool,3.1954424062198514
work sent,3.1951159506516174
nerf guns,3.1942722797170027
disappointed one,3.1915153609567297
1st birthday,3.191251151142202
knew would,3.190878095771695
within 20,3.188917441332573
kept deflating,3.1871260243653943
hard earned,3.1870832434033423
amazon great,3.1870653719923183
looking cheap,3.181956336366553
time order,3.181742166012471
also took,3.180147745383753
actual size,3.177546623456907
huge fan,3.1753723149624196
small made,3.1745112035532976
two items,3.1741213687071754
never made,3.1737273910070014
daughter play,3.172241944705297
arrived already,3.1699342061379223
worst item,3.169295105800912
hour playing,3.1690415127962135
daughter likes,3.1680285109345068
highly recommend,3.167788593246088
size listed,3.1676572048749936
red light,3.1669592174249352
4th birthday,3.166615579240924
time work,3.1641885340216485
back disappointed,3.1621182509413672
box already,3.1613097634088243
ravensburger puzzles,3.1585709347985533
24 34,3.1572479813756704
got four,3.1567762852167096
close enough,3.155735568452722
work tried,3.1548003489400465
came two,3.154459849941918
also disappointed,3.153957765103131
tight enough,3.153575342257698
minutes opening,3.1534089749125496
ones pictured,3.1510066254010143
one sent,3.150222121098646
ever made,3.147353146444062
looked great,3.1455112118647723
water good,3.1444100561278154
work returning,3.1439899282591917
month use,3.143624345548951
last longer,3.140627928189601
expensive game,3.140591707963786
wheel broke,3.140260885968483
broken never,3.1394891859404237
stay connected,3.1392569556368386
positive reviews,3.138988735845939
would float,3.137238020976691
quality already,3.1358378111830256
broken opened,3.135114630346632
cost 20,3.1339397472149857
timely manner,3.133675272910385
requested refund,3.133340738195505
birthday disappointed,3.1325321538028534
size year,3.132252973984956
adult size,3.1319807185969792
toy came,3.13139891256919
34 product,3.13131366350024
cheap one,3.1307550019785872
much like,3.130724574839947
send another,3.1298398660723903
bought last,3.129718543546114
less year,3.126722224392287
disappointed never,3.1263565836144416
even tho,3.1254762922437735
buy expensive,3.1222184765329404
box instructions,3.121982279830819
hole first,3.1219651624434293
refund amazon,3.1211986629207153
radio flyer,3.1206717858886623
give negative,3.119310257984002
product buy,3.1185929124302327
cardboard box,3.1183686160386177
money crap,3.1176567095674255
use worth,3.117536470370995
arrived box,3.1168655159305105
lasted hour,3.115907686987403
smelled like,3.1131129226389227
lasted like,3.1118268387702135
upon receipt,3.1097014432023826
string broke,3.109569981388587
quality never,3.1094214698190807
half empty,3.1064495225821434
one receive,3.105900447792315
wheels roll,3.10564378851281
hour use,3.1038526092862813
working week,3.102836600939269
return one,3.101058395425766
tried new,3.0953979318565104
look cheap,3.094087024689636
everyone says,3.093564431998326
within min,3.0930159220260713
day school,3.0929097109515937
first 15,3.092110444136104
well first,3.090126968615776
good br,3.0868763746398677
excited open,3.0866328224398067
got rid,3.086499496009382
bought store,3.086429504247597
almost like,3.086046988101648
two uses,3.0860098695953697
short period,3.085888346107858
broke even,3.0853340598628805
money even,3.084721346087309
money worth,3.082301295383624
together properly,3.0815624034720823
price reasonable,3.0811741355211164
box like,3.078723890624338
horrible condition,3.078517088337322
work correctly,3.0768857834577545
total scam,3.076172778212816
customer support,3.074504380737789
full art,3.074293562115342
states 34,3.0712935809460298
huge hole,3.0696178607400957
horrible ordered,3.0688454303788553
away br,3.0681219665829182
returning disappointed,3.067687275176274
complete set,3.0670739909755853
wanted use,3.0647663672880623
kids enjoy,3.0629426956673753
old play,3.0627723157306095
others said,3.062096371255315
got set,3.0615345651658177
return process,3.0610254925776084
hoping get,3.060568463856389
even fully,3.059899741138466
still get,3.05709344212151
blue one,3.0569432453002063
led lights,3.0558535488203242
like made,3.0556193413977764
got hot,3.0544750625395665
reviews say,3.0541615894574576
br kids,3.0517906245224453
br way,3.051178382892614
toy made,3.0510188621098444
fill balloons,3.050666971026901
like good,3.0474159525969133
made one,3.0451425726621872
fit like,3.0449111335449865
apart even,3.0442427108286494
box open,3.044076187977796
less half,3.0422804957414913
strap broke,3.041646330388874
feel cheated,3.040396424170773
fun kids,3.0403434366545916
product purchased,3.0397442610370287
kids never,3.0395208655583703
plastic container,3.0395027640867687
use kids,3.038128321011259
disappointed purchased,3.0358889548998977
half size,3.0341690703652433
like shown,3.0341135019856424
go away,3.0337362072462097
picture looks,3.0328885233574256
buy piece,3.0318594323492194
button pressed,3.031821353431524
tiny size,3.0307295175344975
try get,3.0296125502408318
box completely,3.0292870725598546
size would,3.0289507254577623
hard assemble,3.028321299616997
star review,3.0281007472352055
work worth,3.025701715302857
metal piece,3.0242385831651357
one back,3.0237586778171446
old wanted,3.022401232037411
pretty cheap,3.0221091647322473
fit around,3.020138175288126
br put,3.0195620532552647
started leak,3.0180501927902523
three different,3.0178503906521525
receive one,3.0170490520134288
bend easily,3.016390370742459
kids use,3.0159443097405965
like little,3.0159177618966915
back china,3.0155195026893065
one instead,3.015013357194256
oriental trading,3.014292719773972
good old,3.0138532883554525
cheap like,3.011458094252197
use get,3.009429823727579
disappointed cheap,3.007243994067006
34 one,3.004224439867168
good ones,3.0018204041655108
something could,3.000880780694425
ice cream,3.0001214320946152
arrived defective,3.0000368004243336
would help,2.9989884637759103
way return,2.997361454892878
nothing wrong,2.9965487999973996
together instructions,2.9961373827818716
2nd time,2.994707364159627
trash waste,2.994305921801158
quality expected,2.9941874231496595
minutes putting,2.993700053045258
hours fun,2.9929213382114668
another reviewer,2.9915395865414234
one went,2.9906471624437825
bought grandsons,2.9898395686916452
music box,2.9898185068837115
toy arrived,2.9889030047462857
cute toy,2.9874473681821305
expensive one,2.9873412841953177
horrible experience,2.987328185740313
amazon would,2.9829144813984416
gift daughter,2.981974614758069
forever arrive,2.9819557995667214
also hard,2.981764103355494
item looks,2.980738679088855
could bought,2.9797916436595466
puzzle together,2.9791568406107682
nothing special,2.9784537800061295
broken within,2.978286802575311
worked would,2.9773685351204953
time got,2.974892235058202
think product,2.9747465290450608
kid friendly,2.974215960137862
able used,2.97396229602074
great reviews,2.973124177524194
least one,2.972375645831878
child toy,2.9721364552638825
car work,2.971398988978115
could buy,2.969598745499693
still waiting,2.969580083406065
easy use,2.969237485989926
old also,2.967323743000485
one fell,2.9658405620534776
money wasted,2.964438825658104
knock version,2.9641403876179444
negative reviews,2.963545462258052
picture received,2.962284210065782
time one,2.961968066917317
together waste,2.961622489155964
get br,2.961422201712266
great fun,2.9605492732774543
given gift,2.9596176449274787
money cheap,2.9565105117700567
far away,2.9560297349628
bad like,2.9554755508907316
without breaking,2.9549410964127625
away waste,2.9547711708461546
open one,2.9527483775165173
fit onto,2.952566829291282
return items,2.9516026259832
34 colors,2.949695499012014
last even,2.949670946174608
gift niece,2.949471420872347
spare parts,2.9490604289620297
one car,2.9470563322995815
want refund,2.9456003699173565
small parts,2.944176047068277
safe kids,2.943974181990798
got gift,2.9439443448866087
six year,2.9407428011965093
got something,2.939765906156498
emailed company,2.938823959088138
previously opened,2.9382269304458006
set first,2.9377830352433296
picture buy,2.936356573424487
got looked,2.935328052338839
returned received,2.935326313428517
34 like,2.9340481457247094
kids even,2.9311103154340103
product pictured,2.9308206831549364
set bought,2.9292511795343437
junk never,2.929144408192566
old nephew,2.9270362225082716
horrible even,2.9268259013362465
toy child,2.9259192383112165
super glued,2.9248521712073905
batteries one,2.9208004031249244
day return,2.920625083102997
assembly instructions,2.920114093824515
people buy,2.9193357844927785
time kids,2.919197753033929
minutes using,2.919110634507573
good purchase,2.9188837248597244
like normal,2.9185855798943425
faulty product,2.9167755314299235
away would,2.9167106595888423
pretty well,2.916638088078714
material cheap,2.915733590331757
br 34,2.914041972890278
battery would,2.913544413029827
happy customer,2.9133000379268106
new 34,2.9119346281598286
short time,2.9114986800470857
tried fly,2.9112021214503514
toys 34,2.907335438510482
fit standard,2.9042103404866517
one could,2.9037408645107075
stated 34,2.9001888036743058
pop back,2.899513253994269
play br,2.899238580831999
15 bucks,2.898580235210498
could go,2.897801371516812
week one,2.897753527994185
one daughter,2.897696981395263
since ordered,2.897052069497704
old disappointed,2.8968520860283795
get ground,2.8959836938312273
pulled box,2.8953080467651713
made almost,2.8931335319515217
34 made,2.8921101639535745
like old,2.8909086073565176
put new,2.8898774546011894
back pack,2.8885799995351675
bait switch,2.8880428597717005
days broke,2.8874733879481207
thank goodness,2.884617823609373
10 times,2.8841130107727286
absolute junk,2.883306114758143
design flaw,2.8828242427649355
buy would,2.88205853822837
poor construction,2.8818452098099394
sent one,2.880514787384167
balloons hold,2.8796487711156766
would send,2.878167659281445
plastic top,2.8762411715166376
34 easy,2.8741588732616163
money ever,2.8720580204531343
hour later,2.871265001524791
product company,2.8711586690296
product come,2.869411284511167
idea good,2.8663734503605554
plastic thin,2.865948383936877
chinese knock,2.865736977240125
birthday excited,2.8634762809498255
funko pop,2.8618699887752976
store waste,2.8594081412908063
charge battery,2.8585808832024977
ripped right,2.856560819050778
misleading thought,2.855513285181069
poorly sewn,2.853775079876492
2nd one,2.852588879217593
full price,2.8513559255139675
mid flight,2.850273687964987
purchased one,2.847798565251831
shipping box,2.8466452676125775
pushed button,2.845976207774468
day disappointed,2.8424994947330022
product time,2.8422234121908376
purchased daughter,2.8421552639213035
bought boat,2.8418503776936306
br recommend,2.841849683852809
used 34,2.8412441315105834
br wish,2.8396056434230497
pin holes,2.8393170618096253
lasted 10,2.8392136212436387
many things,2.837829021345896
could made,2.835651193818591
two boxes,2.8355442362028827
buy good,2.834712742220561
asking refund,2.8338819579517147
could wear,2.8310842521615633
ordered brotherhood,2.8301860574826674
one small,2.82983022336212
definitely recommend,2.8282058840619255
one free,2.8275627501197014
used make,2.8267469790785653
cute daughter,2.8266527225489093
disappointed worth,2.826590122980144
leg broke,2.8255613360146126
small hands,2.8252104542856094
like item,2.824792960532829
ended buying,2.8203973754449807
reviews bought,2.8194474769226447
trying find,2.8191108149309514
even box,2.816851751474919
loved worked,2.8148643749394306
plastic cover,2.8148202774686766
plus shipping,2.81365403917517
reviews said,2.813107679448656
day play,2.812616967768736
broke half,2.811992658722383
cool toy,2.8111387421410416
shoot water,2.8111176379662624
2yr old,2.8094424578429558
box pieces,2.809311639444214
looking good,2.8086187113669685
buy puzzle,2.8085700007492127
product looks,2.8083056035472636
worked couple,2.807570256348676
face looks,2.8061600845836394
want one,2.8055593108044095
could never,2.802649883593909
like got,2.8016924733454696
one ball,2.798978669986618
give refund,2.7967379523035167
son played,2.795548630569273
even trying,2.795251230492
price expected,2.794926955444623
picture box,2.794713884367816
refund buy,2.793887676728548
months use,2.7924616958373063
first night,2.792236194734014
solar panel,2.791932190429688
money send,2.788398443413749
would light,2.787816778122153
maybe would,2.787459318484044
husband tried,2.786742020890456
store quality,2.7806317538263157
amazon com,2.7803962957332478
made flimsy,2.780298373470824
took days,2.778121488986825
wrong colors,2.7777475936860236
complete piece,2.7776363116317135
game arrived,2.776614033803247
pieces even,2.7730477882048348
biggest piece,2.77183061992761
time son,2.771239432634056
broken would,2.7701850087625233
literally fell,2.7693238209413447
12 inch,2.768311098314002
quality br,2.7682025708439646
holes big,2.7650444856885468
would rate,2.764128037262723
maybe half,2.764101127707079
period time,2.759445315447222
like plastic,2.7592466584651705
working first,2.7589604231461538
would fine,2.7580325459903463
batteries go,2.7573022754448564
ended returning,2.7572809281651813
fell right,2.756378520912968
junk bought,2.75560895507067
broke taking,2.7546879712317196
back package,2.7528175411506517
take away,2.7519222463155946
ordered packs,2.7518272498724468
price buy,2.7516308742039133
apart br,2.7499025682108673
like advertised,2.749880722772684
nothing waste,2.7495510669982424
went straight,2.748883116560443
small holes,2.74672503694075
seriously disappointed,2.7466447418785824
worked seconds,2.745046474753734
garbage br,2.7417786605494534
one inch,2.7415735514922535
bought little,2.741173383871403
like get,2.7409228306307147
gift friend,2.740816421008042
exactly like,2.738592365529722
description clearly,2.738512714864108
people know,2.738489362326405
like big,2.737273819356766
pieces also,2.7361218238922134
lasted week,2.7357862939059974
daughter able,2.73428851517915
chess set,2.7342731538949185
bad br,2.733552068627707
worked pretty,2.7334608020672473
product first,2.731351984745846
product nothing,2.7311009737023078
working day,2.728327735073936
saying 34,2.7270927490809997
made kids,2.7262349528063927
terrible toy,2.725945322154019
less star,2.723667895181382
deflated water,2.723446458531912
different company,2.723406456447353
quality construction,2.721940434724302
one ever,2.7213961708608245
free shipping,2.7209128412500405
go along,2.7207426793818508
right arm,2.7206210712127152
ordered thought,2.7204372662911123
placed order,2.7173932362047983
dog muzzle,2.717206388118414
muzzle taped,2.717206388118414
loved much,2.7161376266440556
tried patch,2.7133872792166853
five star,2.7115398530578942
maybe 30,2.7109251747333425
size good,2.708208646324672
old excited,2.707933896705439
two left,2.704332760675778
matter hard,2.699538456805089
good experience,2.699023237803153
item ordered,2.69597905614428
br cons,2.6950162771460304
print real,2.6949313542705964
daughter played,2.69407372489772
well got,2.6935209661499657
looks feels,2.693460298958048
couple seconds,2.6930912771109075
also come,2.6930532083396574
want something,2.6899359824050912
young kids,2.688531469530243
something made,2.687803119394826
like dollar,2.686630056476383
small small,2.6863809361014512
tried first,2.6860066314618924
download app,2.685522068429636
received replacement,2.6846214770996175
water gets,2.6836900651010316
disappointed get,2.683546095066331
race car,2.6822349631529967
highly dissatisfied,2.6819400962823776
deserve one,2.6808548880343803
water come,2.680256997020606
kids get,2.679176774590709
would break,2.678876149150307
less two,2.6778726225556753
ones bought,2.6773039697627636
mini figure,2.67648738871756
cheap paper,2.67648523195985
gun work,2.6763046149277043
since opened,2.673823753618764
original version,2.6717660718023875
got ripped,2.6703131058471823
like played,2.670016942772547
figure box,2.6690742099424227
horrible br,2.6661517419977665
back bad,2.6639326430795203
like small,2.663801619682185
cheap thin,2.6634420385470636
set got,2.663270111688847
day party,2.662399674475278
tried replacing,2.6570623590700424
disappointing kids,2.6561285438362603
halloween costume,2.6560038482264607
sorry say,2.6559739291570503
super fast,2.654964031432442
able play,2.653832482960515
minutes later,2.6529027728359225
pieces fall,2.652255642398247
work great,2.6520986335792704
also made,2.651153217414295
pressure water,2.650472379378799
money got,2.6502657025599947
minutes waste,2.6494598603934705
stand behind,2.6494145787279937
pretty bad,2.649231902826804
one going,2.6491828171088954
work way,2.6469994814769295
ordered birthday,2.646574408183298
together one,2.646409250483572
pack one,2.64584381120814
even made,2.6439311184837244
feel ripped,2.6438741491500375
expect much,2.6438235148118223
real shopkins,2.6437525583476136
product terrible,2.6435335069650083
easily broken,2.642915769347401
looks nice,2.6427321561292048
bought set,2.6423517793922104
price way,2.641872965449322
pieces came,2.64185835088132
bought dollar,2.6413845648089076
small would,2.641037206626721
work anymore,2.6402341008635997
though would,2.6380980821530997
one bad,2.636951347157389
like thought,2.63508684071439
old even,2.6348342265673064
total disappointment,2.6317325597535177
box looked,2.6316689905495796
first attempt,2.630422188052517
return 30,2.628737956710405
get another,2.6273609616808935
got chance,2.625932368733694
break apart,2.6256335150106995
giving one,2.624185366034753
old girl,2.6226975618784163
loves toy,2.622684443463676
br item,2.620539217769496
less months,2.620101604781044
one problem,2.6185425827616475
money purchase,2.618539965779787
took away,2.6149526930626203
gift nephew,2.6135875511667876
would longer,2.610032962921519
like product,2.609710465647339
see work,2.6081174809337293
able put,2.6072400790252708
new product,2.6070135087944406
small enough,2.604456044236962
fix problem,2.604235956045438
heart broken,2.604129257350115
took month,2.6029066851149194
order two,2.602068496036664
refunded money,2.600561201438385
assumed would,2.6000310664255233
seller would,2.5994714261555263
hoping would,2.5992666134492106
easy get,2.598655453821836
filled air,2.5985950322110254
break open,2.5974926385880535
excited give,2.5968518660971203
keep looking,2.5950797044560074
barely moves,2.592976699830559
good choice,2.589723958295413
br looks,2.589661288744764
easily break,2.5892181225286124
different size,2.5889768503640225
money never,2.588359241629628
supposed gift,2.5882739970183364
tried changing,2.58626899463257
still going,2.5851036402229637
br know,2.584260799167149
bought toy,2.5838878563276495
toy worth,2.5836892848648847
started fall,2.5822808833071567
thought good,2.5808069941889085
old baby,2.5805693403440584
like supposed,2.5799025933444435
bottom part,2.5796225917438966
one able,2.579412970693226
lasted days,2.578878317343143
pieces instructions,2.5787561592873693
part missing,2.578603866831691
10 bucks,2.5781400517609114
made poorly,2.577854347000084
wont even,2.5752536855170614
full water,2.5734687269864276
son bought,2.5726083660989634
got back,2.5725576301758295
br plastic,2.5724500852775525
bubble machine,2.5721483473084508
get kids,2.571952778485645
good kids,2.5718317055867326
learned lesson,2.57167405392132
maybe one,2.5714587446856294
like even,2.568579895383661
even half,2.568082876500384
decided return,2.5676766586851554
overall quality,2.5675032198994376
could rate,2.56639217415732
turn br,2.564235870618215
reviews people,2.5638618339170733
toy disappointed,2.563567944756712
buy amazon,2.5631353312650065
little ones,2.561584675164136
34 button,2.5584211007770583
original battery,2.5575563532197574
br tried,2.5563116126491723
money going,2.556109907148902
also hold,2.554024108921449
right left,2.5532474721868583
time play,2.552286838645705
different product,2.5519106213071874
would want,2.5506310203116294
deck cards,2.5483476481791305
plastic even,2.547659161741117
air hogs,2.547363212416889
mail today,2.5469501787082494
give kids,2.5461807023082246
son started,2.545454473888669
older kids,2.5442496044999645
piece broken,2.544030577049722
bought another,2.543964356231548
received looked,2.543434490174227
nice idea,2.542934542193334
got wrong,2.542377278898058
cheap fabric,2.541058514070845
time ordered,2.540739296619227
daughter opened,2.540411761981995
would paid,2.539394740600733
poorly built,2.538994640856017
disappointed arrived,2.5375485353876996
believe spent,2.5354015406731873
go fast,2.5350522290299145
frustrating experience,2.534832988533318
item even,2.534521916943257
threw trash,2.533770800566103
reason bought,2.5319840489745475
fit back,2.5312714184719662
light would,2.5309859239031516
box even,2.5295461882684878
arrived opened,2.529504653173146
soft plastic,2.5294580034858076
going forward,2.5288714365267264
get real,2.5287792451647393
advertised br,2.528743819750947
disappointed returning,2.5269866973281636
plastic 34,2.526547016983453
purchasing product,2.5253558795629365
last night,2.525052783490973
son put,2.5246997021804507
special needs,2.5243090083693236
last days,2.5238733507411206
hard find,2.523183082199461
also got,2.5217405215833115
cost shipping,2.5198710426042523
grandson excited,2.5190888478031837
without falling,2.518622749959624
quality extremely,2.51776566785617
super loud,2.5170086229538926
way br,2.5165198925844225
water got,2.5157917794910802
back made,2.514489841430336
take look,2.514038355017851
made usa,2.5139752204153956
enough water,2.512413288346793
much easier,2.5123138117603014
34 supposed,2.510823595147833
would look,2.5108017323258074
took hour,2.510389953792686
strings broke,2.5095650187729266
also bought,2.5094548353416632
returned another,2.508812712288732
34 however,2.5083025760569417
br want,2.5081981649954326
doll looks,2.5065231819996874
give less,2.5054668442446193
first review,2.5051838326095868
time get,2.5037968454229294
bad review,2.5030581260745826
guess got,2.5023818127492157
34 version,2.501765076874995
order arrived,2.500944345203459
br thanks,2.5004107428480573
difficult follow,2.499451580451824
hot wheel,2.4988086530354754
throw trash,2.4981397706342836
horizon hobby,2.4966886165615882
cube fell,2.496049175492077
item 34,2.4959649614732227
time consuming,2.494708044935527
old one,2.492178019700453
bought birthday,2.487960390899344
daughter first,2.485600620515369
broken one,2.485242859528693
looking one,2.4848667076864865
real money,2.4831593001395627
one mini,2.482229771394087
new battery,2.478224446410432
48 hours,2.4780495699932987
broke tried,2.476655758154834
got christmas,2.4752775069223203
tried using,2.475029767761809
think worth,2.4750115589189075
opened taped,2.4748653311502826
minutes fun,2.4734889806292983
back replacement,2.4725302835150047
easy assemble,2.4720969399499264
product better,2.471321170430597
since got,2.464067717330364
getting refund,2.461482771992827
wasted time,2.4605978844341494
item one,2.4601105343967187
also work,2.4598676483014956
money way,2.459151444511074
minutes flight,2.458397198308529
bday party,2.4567384518068134
lego brand,2.4556704845890636
take long,2.455064311259359
get new,2.4543746621070706
one half,2.4528951697477845
absolute waste,2.452870220080562
flat surface,2.452845694788018
local store,2.4527986789838305
work still,2.4527321067136763
old enough,2.45207130678727
star give,2.4518996562147413
birthday loves,2.4516427859300736
taped back,2.450971401823375
broke trying,2.4503196272150594
like opened,2.4499159688851906
like actual,2.4491654074861096
go hassle,2.448861379980551
game would,2.448710829703478
impossible control,2.446640506165859
stress balls,2.4438627251804976
say disappointed,2.442294556640065
deserve star,2.441829846237811
worked two,2.4413402980648575
fly right,2.4401348888811265
slip slide,2.4396609943306093
like fun,2.438042871809026
decided try,2.4341644775486566
try hold,2.4303721666556455
like reviews,2.4300424210786016
ordered vault,2.4292310489159545
sent email,2.4291614852273273
loved one,2.4289067941316933
balloons inflated,2.4288159366894764
microphone stopped,2.426891762509989
br unfortunately,2.4251566036852292
pictures show,2.4245491962198056
absolutely loved,2.422858268826382
price cheap,2.4226526031988405
got 20,2.418381395145399
birthday cake,2.417130246403032
use left,2.4158340326759635
star could,2.4143977113268784
see get,2.4129080520755126
order work,2.4119419031511997
quality paint,2.410755049956569
money spend,2.406808037168662
purchase would,2.4056657309508735
started deflate,2.405290311669851
strong chemical,2.4035480108289202
returning asap,2.4033260156268472
little tykes,2.4029630018063877
lego products,2.400812787660595
review product,2.3997240160693383
gave year,2.398046730655852
child play,2.397349792321949
order product,2.397138252606542
son could,2.396437628328978
five year,2.3953887281056008
colors even,2.393589711271814
one batteries,2.3923359839376
straight trash,2.3900306142394845
two batteries,2.389849260799609
follow directions,2.388835303295645
requested replacement,2.3870771684776915
wanted birthday,2.385295904093644
toy even,2.3847719072898625
reviews purchasing,2.384358204911717
finished product,2.3838523176551787
ones received,2.3825731197913083
broken well,2.382340780261615
box put,2.3822299591055174
buy real,2.3821616815701643
high hopes,2.3809367046088896
right bat,2.3793088980547834
random 34,2.376737971669501
smell go,2.375258572009314
long return,2.374975875510486
much useless,2.3719572960924733
month get,2.371344442831571
even know,2.369040707933126
something little,2.3666950396427446
size golf,2.365958694450439
matter tried,2.3654483284472203
less 24,2.365103092690471
high expectations,2.363601793593501
back make,2.362102665783545
party disappointed,2.3616085472151345
landing gear,2.36154621018113
still works,2.361255660965007
product made,2.358855316198124
ever get,2.3560308886470853
paper even,2.354845002425951
yo son,2.3531151455914077
work first,2.3509202415289696
received work,2.350009961797376
return bought,2.349771689191635
one good,2.346829954166315
get toy,2.3464450496184144
old fashioned,2.3459829999459907
minutes one,2.344592567955053
looked cool,2.3440410139169785
one defective,2.3413232109936377
real deal,2.340329198373582
back one,2.3402948279087497
thin flimsy,2.3399799255000784
day even,2.3393093821142514
take chance,2.3390888166283967
buying one,2.3383976251591707
old loved,2.338121829233792
maybe hour,2.335964018119081
spend little,2.3359078643562197
hot glue,2.3352752934295022
also 34,2.335180217249489
right leg,2.3348592968386424
sure enough,2.3343841070690754
like buy,2.334235286880383
last two,2.3328974237246025
came right,2.3323448808220144
money junk,2.328785789542345
right package,2.3287617285022573
purchased another,2.327873793257321
item anyone,2.3265282928211293
much worse,2.326230184182979
stayed filled,2.325230218616626
small plastic,2.3247709321725685
finally gave,2.322803419943061
use car,2.321793808749265
lot time,2.316446206569924
suction cup,2.3159049519479
sent another,2.3158747270966016
came opened,2.3154621091655625
description picture,2.3146614364246805
kids cry,2.31429375634153
extra get,2.3134508872040924
nothing would,2.3119761505430474
work 34,2.3106086774721737
together stay,2.3077561600879353
balloons water,2.3058753074387135
aa batteries,2.3035224061052024
return replace,2.3013826233360173
actual lego,2.3009480369202904
old would,2.3001623670538014
big mistake,2.299824516710017
one plastic,2.297701597038831
could play,2.291858881630436
might work,2.2890646949677667
think twice,2.2872965543195454
tried every,2.28532198839793
air also,2.283815614819273
10 years,2.282662039885686
bad batch,2.279805370786992
getting stuck,2.2787905726631177
kids age,2.2768272291903626
taking apart,2.2759428260722467
filling balloons,2.2751375073629037
like return,2.2744706259579766
piece broke,2.2740083067776022
toy stopped,2.273996841491795
worth would,2.272772971862156
hard kids,2.2716415119275664
perfect size,2.270846580826098
much shorter,2.2677691605312935
picture small,2.2677182965836895
cool looking,2.26757215058184
like came,2.2671623349451595
made sure,2.2668298581785655
cheap way,2.2620499653126003
product kids,2.2618076772091746
keep water,2.2597264061225033
put mouth,2.258797281542793
product right,2.256843374077657
go together,2.2559664050399504
unable find,2.253867480724425
paying attention,2.253445313170403
let know,2.2514923956849993
purchased year,2.251157206420308
going trash,2.249974424647748
non toxic,2.24887962332767
great time,2.2485495610971813
large enough,2.2481182468376324
got son,2.247494709698511
leaking air,2.246918824191954
paid extra,2.246900583827993
stuck inside,2.246358139847451
would keep,2.2450220706879054
ordered amazon,2.244120138075314
called company,2.2432492543552556
work would,2.238935840143358
golf ball,2.238320207544027
battery still,2.2371829219346253
34 plastic,2.237042415330623
first 20,2.235416495576496
like br,2.234265277609993
9th birthday,2.233689776843201
lot fun,2.2305600113072748
child br,2.229589610026655
son happy,2.2294166946064644
bought yr,2.2286057140461035
started playing,2.2281837896257155
away product,2.2279197446923202
review item,2.2200273240420305
pieces box,2.218249435643844
disappointed wasted,2.2171789154016985
make mistake,2.216964585918184
friend bought,2.2169526617145188
time went,2.2166380554972838
return son,2.2159071937284924
two sets,2.2149174437663346
disappointed birthday,2.212516494843248
severely disappointed,2.211817141963934
longer works,2.2104215900094903
like trying,2.209222342581767
money paid,2.2079166377133594
br game,2.2075264591981525
would turn,2.2074047429674484
less one,2.2070918809642466
34 would,2.206881114102991
lot work,2.203876713075957
even bought,2.1991141342345086
gift would,2.1984953148915913
quality even,2.194684939056917
years never,2.194425023081222
one pictured,2.19096880124338
two came,2.1883266781909008
give daughter,2.1879309878338593
buy different,2.1835538873501337
could take,2.1803906140489797
old opened,2.178750084581112
read instructions,2.1765330711934427
send video,2.1746461067882525
two work,2.1676849000839677
bought target,2.166739804704749
item made,2.1657952126799036
hours trying,2.1634902560637177
order another,2.1599274358765337
back bought,2.159391229180971
plastic flimsy,2.1580174786834734
find replacement,2.1563092001138218
anyone else,2.1499652754909344
00 dollars,2.1463702013283616
child would,2.146076043051891
made sturdy,2.145170414274192
work either,2.1448081388487723
one much,2.141560828987855
last years,2.141392262529048
want pay,2.141235414883526
got free,2.1363042559541463
recommend purchase,2.1336591199361616
money something,2.1336299749387613
would upset,2.132472449683128
son tried,2.1283201854721705
working together,2.125380477921358
minutes get,2.1205457481550054
back went,2.1179982398552775
work going,2.1167356719008508
finally get,2.11662207096969
get without,2.1165110156553557
real 34,2.1151470632810776
amazon customer,2.114633916488117
heart set,2.113506596781885
past 30,2.1131731767730493
purchase price,2.113027031974825
thought maybe,2.1105674332377995
34 got,2.107876843350166
exchange return,2.106364010134282
pieces broke,2.1052960858860086
son broke,2.1015263511653703
one definitely,2.100573864896742
replacement battery,2.0986613033477783
two little,2.0967111246653514
huge waste,2.0963484045452425
one described,2.0931147740120704
right amount,2.0923600285341752
garbage waste,2.0920444898673116
away also,2.0909273535540756
sets batteries,2.0899787143989608
replacement arrived,2.089774759986045
six ravensburger,2.087963994137095
would easy,2.0869103806802336
feet away,2.086892206375761
good box,2.0818546330800647
also one,2.0808349526436434
box disappointed,2.0773273904574796
br disappointing,2.0769927475164742
wrong br,2.076742973026406
price make,2.076215896532939
money also,2.0737243412691906
fall easily,2.0734237828863415
amount time,2.0701024660758005
soon tried,2.069871700802237
much hassle,2.0643459990337476
balloon float,2.064050665229687
product unless,2.063237623329642
read review,2.063197408786549
get put,2.0626831804569465
took back,2.062139553115605
one still,2.0615047197988225
already one,2.060437275220549
shipped china,2.0594793491003545
within ten,2.058402869584148
next morning,2.0563808174939577
old cousin,2.05576899793921
came small,2.05419275286416
see something,2.0531792613785056
many people,2.0530748414684634
cost return,2.0506025209958234
paid one,2.0496378765272834
like much,2.0483727228963797
might even,2.046418091225758
replacement one,2.0399747956667533
got work,2.039031890546071
sturdy like,2.038569542260541
started filling,2.037831220187363
enough hold,2.036128825206175
work put,2.0359452735655084
feel free,2.0334469044505057
sure got,2.0288300726480584
br came,2.023830324691787
toy one,2.0237234610237143
quality ever,2.0215393374334205
idea great,2.0188400803911306
34 tiny,2.0182128974220026
get battery,2.0157042569687063
return would,2.0143711439223995
look much,2.012081780679998
excited play,2.008133779980815
days get,2.0057630052469855
gave star,2.00328471892399
went return,2.0032397216290123
cheap br,2.002252152503687
br need,1.9948163599145161
thought 34,1.9947541631360735
try put,1.9938240267341263
reviews purchased,1.9920077457849592
put brand,1.9918084698517249
one kids,1.9915275402763877
returned first,1.977758677034564
doubt would,1.9682923754904502
labeled 34,1.9658324944287207
money received,1.9653469272913204
amazon prime,1.9648783370166683
garbage would,1.9643208552171287
least 10,1.958776860161844
loved first,1.9584032508981912
tried contact,1.9576428517517268
went ahead,1.955800378663203
reviews br,1.9534016045393328
kids fun,1.946502014357374
falsely advertised,1.945432935640569
also tried,1.9451104845001865
br update,1.9448913604693976
opened today,1.9383023010288052
anyone would,1.9345166073210898
sure read,1.9321156271277764
bought second,1.9265027327373494
work kids,1.9247210069333764
34 item,1.924223715778085
item worth,1.9220853985104178
ordered different,1.9216736485384498
fill much,1.9210576257687741
order amazon,1.9203350485340835
want give,1.9196098170449787
one like,1.9177514984827435
still worth,1.9166662578709217
return br,1.9161896446409572
purchased new,1.914779478597901
around house,1.9120548902712187
batteries tried,1.903556224367034
price expecting,1.9026057955304903
started come,1.9003577519679546
take picture,1.8930758055275807
etc br,1.8865478059189653
contacted company,1.8864934619753229
last christmas,1.8839727016224732
excited finally,1.8839621910070266
definitely would,1.882635079164096
son absolutely,1.8781586929671388
would made,1.8772162912730304
broken br,1.8764472433291766
back good,1.8728849374501153
ordered second,1.8703417804211355
product way,1.8655766664950408
batteries new,1.8542982260710579
control br,1.8521433077823486
expecting quality,1.841430770726714
balloons 34,1.8392144755694548
sad say,1.8364058018083025
forward backward,1.8356162004643708
year ago,1.8354443442858348
anyone could,1.8284500745860588
minutes even,1.820426090269028
top train,1.8168983091351003
many reviews,1.8161564168452484
original review,1.8139452474083155
would stop,1.8107190457239446
br battery,1.806581021685413
30 years,1.8057702419469548
play like,1.8051775416993625
wheels move,1.8039696291874638
br ended,1.7976217407666577
takes forever,1.7961094548496124
took 10,1.7958659504847443
better br,1.7925969761223306
34 buy,1.790686843525425
34 even,1.7687500583991351
34 case,1.7670068863552895
trying figure,1.7530700210982573
next one,1.751967137407196
could stand,1.7507907870062505
br another,1.7503705770260232
different ones,1.7449129177273295
cheap almost,1.742581656944018
one flight,1.725073192244044
review br,1.7239563705689076
toy piece,1.7057712838157548
easy br,1.6894904761368819
product hard,1.688478413710635
one amazon,1.6831689148307356
wanted like,1.6724442456924806
old played,1.6608126814024788
little plastic,1.649988797277273
charging battery,1.6471644389522966
wife bought,1.6419016906889758
product still,1.6387834588803296
night son,1.6251296474960415
son would,1.6228663463501944
junk br,1.6006677686035065
either way,1.5957229753817166
maybe even,1.5550082797043756
like rest,1.5409451635250697
box br,1.5229685731871765
br pros,1.5021001968584002
play time,1.4865021039767954
small feet,1.465379743273949
20 years,1.458520575811794
money could,1.4513501318023023
sturdy thick,1.4339071293734507
ordered new,1.4221096083925313
aug 8th,1.4134516627083864
would kept,1.410936067858732
br son,1.3645441345411347
quality pictures,1.3339387564939005
took minutes,1.2605208610305474
one top,1.2469714441842543
said got,1.2281369798598105
vtech toy,1.2217185707007707
kept occupied,1.1915567663439086
velour like,1.1574199970807508
broke toy,1.15159132128458
toy almost,1.1233470600981343
months first,1.1217238796762996
better never,1.1155744362280113
product needs,1.0711959064617935
old arm,1.068380843973563
learning walk,0.9504489597844669
manufacturers 34,0.9344596451777096
